{
    "version": 1,
    "author": "Rindi Rica Farma Dinata",
    "editor": "wokwi",
    "parts": [
      { "type": "board-esp32-devkit-c-v4", "id": "esp", "top": 28.8, "left": -100.76, "attrs": {} },
      {
        "type": "wokwi-pushbutton",
        "id": "btn1",
        "top": 111.8,
        "left": 96,
        "attrs": { "color": "green", "xray": "1" }
      },
      { "type": "wokwi-led", "id": "led1", "top": 188.4, "left": 32.6, "attrs": { "color": "red" } },
      { "type": "wokwi-relay-module", "id": "relay1", "top": -38.2, "left": 86.4, "attrs": {} }
    ],
    "connections": [
      [ "esp:TX", "$serialMonitor:RX", "", [] ],
      [ "esp:RX", "$serialMonitor:TX", "", [] ],
      [ "relay1:VCC", "esp:3V3", "red", [ "h-48", "v0", "h-134.4" ] ],
      [ "relay1:GND", "esp:GND.2", "black", [ "h-86.4", "v-0.4" ] ],
      [ "relay1:IN", "esp:23", "green", [ "h-57.6", "v67" ] ],
      [ "led1:A", "esp:18", "green", [ "v0", "h9.6", "v-86.4" ] ],
      [ "led1:C", "esp:GND.2", "green", [ "v0", "h-9.2", "v-172.8" ] ],
      [ "btn1:1.l", "esp:19", "green", [ "h0" ] ],
      [ "btn1:2.l", "esp:GND.2", "green", [ "h-19.2", "v-86.2" ] ]
    ],
    "dependencies": {}
  }