{
    "version": 1,
    "author": "Rindi Rica Farma Dinata",
    "editor": "wokwi",
    "parts": [
      { "type": "board-esp32-devkit-c-v4", "id": "esp", "top": 0, "left": 0, "attrs": {} },
      { "type": "wokwi-hc-sr04", "id": "ultrasonic1", "top": -65.7, "left": 178.3, "attrs": {} }
    ],
    "connections": [
      [ "esp:TX", "$serialMonitor:RX", "", [] ],
      [ "esp:RX", "$serialMonitor:TX", "", [] ],
      [ "ultrasonic1:VCC", "esp:5V", "red", [ "v192", "h-259.2" ] ],
      [ "ultrasonic1:TRIG", "esp:5", "green", [ "v0" ] ],
      [ "ultrasonic1:ECHO", "esp:18", "green", [ "v0" ] ],
      [ "ultrasonic1:GND", "esp:GND.3", "black", [ "v0" ] ]
    ],
    "dependencies": {}
  }